{"SceneNumber":[4,0,0,0,0],"playerInfos":[{"position":{"x":-0.9864959716796875,"y":0.0,"z":-7.41813850402832},"rotation":{"x":0.0,"y":0.0,"z":0.0}}]}