{"cameraMode":{"drawMode":0,"name":"Shaded","section":"Shading Mode"},"sceneLighting":false,"audioPlay":false,"sceneViewState":{"m_AlwaysRefresh":false,"showFog":true,"showSkybox":false,"showFlares":true,"showImageEffects":true,"showParticleSystems":true,"showVisualEffectGraphs":true,"m_FxEnabled":true},"in2DMode":false,"pivot":{"x":-0.3657507300376892,"y":0.3388119041919708,"z":0.5622277855873108},"rotation":{"x":0.03991303592920303,"y":-0.8974082469940186,"z":0.08420859277248383,"w":0.431601345539093},"size":2.9419941902160646,"orthographic":false}